image_path,label,country,source_file
images/01391.png,id_card,RUS,generated.photos_v3_0956879.png
images/03037.png,passport,LVA,generated.photos_v3_0059996_0728435_0277638.png
images/04794.png,driver_license,AZ,generated.photos_v3_0869373.png
images/04116.png,id_card,SVK,generated.photos_v3_0236227.png
images/03839.png,id_card,SVK,generated.photos_v3_0399681.png
images/03746.png,id_card,SVK,generated.photos_v3_0294246.png
images/03631.png,id_card,SVK,generated.photos_v3_0198105.png
images/01908.png,driver_license,WV,generated.photos_v3_0003103.png
images/03926.png,id_card,SVK,generated.photos_v3_0930941.png
images/02145.png,driver_license,WV,generated.photos_v3_0241589.png
images/02143.png,driver_license,WV,generated.photos_v3_0411183_0865196_0372648.png
images/02214.png,driver_license,WV,generated.photos_v3_0383861.png
images/03267.png,passport,LVA,generated.photos_v3_0432718.png
images/00059.png,passport,GRC,generated.photos_v3_0630895.png
images/01414.png,id_card,RUS,generated.photos_v3_0603275.png
images/00950.png,id_card,RUS,generated.photos_v3_0085881.png
images/00549.png,passport,GRC,generated.photos_v3_0171417.png
images/03026.png,passport,LVA,generated.photos_v3_0364115.png
images/02994.png,passport,LVA,generated.photos_v3_0646211.png
images/04902.png,driver_license,AZ,generated.photos_v3_0301098.png
images/03051.png,passport,LVA,generated.photos_v3_0267425.png
images/00971.png,id_card,RUS,generated.photos_v3_0120775_0397782_0367416.png
images/00275.png,passport,GRC,generated.photos_v3_0872507.png
images/00310.png,passport,GRC,generated.photos_v3_0781854.png
images/05092.png,driver_license,AZ,generated.photos_v3_0597386_0055079_0396840.png
images/02091.png,driver_license,WV,generated.photos_v3_0045438.png
images/04750.png,driver_license,AZ,generated.photos_v3_0234983.png
images/00356.png,passport,GRC,generated.photos_v3_0871401.png
images/03740.png,id_card,SVK,generated.photos_v3_0858024.png
images/03821.png,id_card,SVK,generated.photos_v3_0497794.png
images/04782.png,driver_license,AZ,generated.photos_v3_0484092_0634541_0696670.png
images/00599.png,passport,GRC,generated.photos_v3_0347395.png
images/02044.png,driver_license,WV,generated.photos_v3_0200309.png
images/05016.png,driver_license,AZ,generated.photos_v3_0230693.png
images/01824.png,driver_license,WV,generated.photos_v3_0031482_0683247_0962590.png
images/02737.png,passport,LVA,generated.photos_v3_0808549.png
images/00057.png,passport,GRC,generated.photos_v3_0127682.png
images/05036.png,driver_license,AZ,generated.photos_v3_0176963.png
images/00157.png,passport,GRC,generated.photos_v3_0803429.png
images/03627.png,id_card,SVK,generated.photos_v3_0295178.png
images/00333.png,passport,GRC,generated.photos_v3_0916364.png
images/01339.png,id_card,RUS,generated.photos_v3_0129643.png
images/01964.png,driver_license,WV,generated.photos_v3_0527757.png
images/03943.png,id_card,SVK,generated.photos_v3_0617947.png
images/00124.png,passport,GRC,generated.photos_v3_0617317.png
images/05009.png,driver_license,AZ,generated.photos_v3_0343767.png
images/05003.png,driver_license,AZ,generated.photos_v3_0980007.png
images/00241.png,passport,GRC,generated.photos_v3_0375324.png
images/02744.png,passport,LVA,generated.photos_v3_0143480_0318047_0576761.png
images/03845.png,id_card,SVK,generated.photos_v3_0854799.png
images/02240.png,driver_license,WV,generated.photos_v3_0275706.png
images/02778.png,passport,LVA,generated.photos_v3_0127813.png
images/03248.png,passport,LVA,generated.photos_v3_0269990.png
images/01424.png,id_card,RUS,generated.photos_v3_0545892.png
images/02828.png,passport,LVA,generated.photos_v3_0664449.png
images/01161.png,id_card,RUS,generated.photos_v3_0892135.png
images/01971.png,driver_license,WV,generated.photos_v3_0010107.png
images/02383.png,driver_license,WV,generated.photos_v3_0120775_0397782_0949903.png
images/00309.png,passport,GRC,generated.photos_v3_0322674.png
images/02398.png,driver_license,WV,generated.photos_v3_0943967_0949600_0314222.png
images/01328.png,id_card,RUS,generated.photos_v3_0961028.png
images/04023.png,id_card,SVK,generated.photos_v3_0547072.png
images/01855.png,driver_license,WV,generated.photos_v3_0926083.png
images/04809.png,driver_license,AZ,generated.photos_v3_0902219.png
images/01295.png,id_card,RUS,generated.photos_v3_0075936.png
images/03766.png,id_card,SVK,generated.photos_v3_0247616.png
images/00108.png,passport,GRC,generated.photos_v3_0147629_0326230_0624749.png
images/04895.png,driver_license,AZ,generated.photos_v3_0423948.png
images/03167.png,passport,LVA,generated.photos_v3_0685994.png
images/01957.png,driver_license,WV,generated.photos_v3_0132969.png
images/04970.png,driver_license,AZ,generated.photos_v3_0629209.png
images/04164.png,id_card,SVK,generated.photos_v3_0875205.png
images/04826.png,driver_license,AZ,generated.photos_v3_0106948.png
images/01259.png,id_card,RUS,generated.photos_v3_0223340.png
images/01075.png,id_card,RUS,generated.photos_v3_0200870.png
images/01312.png,id_card,RUS,generated.photos_v3_0500424.png
images/02793.png,passport,LVA,generated.photos_v3_0609668.png
images/00169.png,passport,GRC,generated.photos_v3_0352822.png
images/02795.png,passport,LVA,generated.photos_v3_0967133.png
images/02291.png,driver_license,WV,generated.photos_v3_0421031.png
images/01210.png,id_card,RUS,generated.photos_v3_0102318.png
images/03856.png,id_card,SVK,generated.photos_v3_0457469.png
images/00583.png,passport,GRC,generated.photos_v3_0392828.png
images/02231.png,driver_license,WV,generated.photos_v3_0228121_0186449_0231861.png
images/04593.png,driver_license,AZ,generated.photos_v3_0041673.png
images/00211.png,passport,GRC,generated.photos_v3_0785191_0565300_0017941.png
images/05048.png,driver_license,AZ,generated.photos_v3_0908344.png
images/00462.png,passport,GRC,generated.photos_v3_0145494.png
images/00071.png,passport,GRC,generated.photos_v3_0197714.png
images/05021.png,driver_license,AZ,generated.photos_v3_0380783.png
images/01178.png,id_card,RUS,generated.photos_v3_0125979.png
images/00414.png,passport,GRC,generated.photos_v3_0829120.png
images/02212.png,driver_license,WV,generated.photos_v3_0522207.png
images/01187.png,id_card,RUS,generated.photos_v3_0573936.png
images/02011.png,driver_license,WV,generated.photos_v3_0084037.png
images/01278.png,id_card,RUS,generated.photos_v3_0991802.png
images/02124.png,driver_license,WV,generated.photos_v3_0622517.png
images/04567.png,driver_license,AZ,generated.photos_v3_0605622.png
images/02182.png,driver_license,WV,generated.photos_v3_0954487.png
images/03989.png,id_card,SVK,generated.photos_v3_0878232.png
images/04638.png,driver_license,AZ,generated.photos_v3_0194983.png
images/01969.png,driver_license,WV,generated.photos_v3_0863057.png
images/01340.png,id_card,RUS,generated.photos_v3_0926797.png
images/02939.png,passport,LVA,generated.photos_v3_0585941.png
images/01498.png,id_card,RUS,generated.photos_v3_0887380.png
images/01331.png,id_card,RUS,generated.photos_v3_0515730.png
images/03890.png,id_card,SVK,generated.photos_v3_0059996_0728435_0938082.png
images/02333.png,driver_license,WV,generated.photos_v3_0120876.png
images/00055.png,passport,GRC,generated.photos_v3_0653746.png
images/02371.png,driver_license,WV,generated.photos_v3_0808176.png
images/00957.png,id_card,RUS,generated.photos_v3_0183646.png
images/02334.png,driver_license,WV,generated.photos_v3_0738098.png
images/04998.png,driver_license,AZ,generated.photos_v3_0153522.png
images/03866.png,id_card,SVK,generated.photos_v3_0473932.png
images/02990.png,passport,LVA,generated.photos_v3_0460102.png
images/03043.png,passport,LVA,generated.photos_v3_0098814.png
images/00535.png,passport,GRC,generated.photos_v3_0665107.png
images/03217.png,passport,LVA,generated.photos_v3_0637639_0712199_0047042.png
images/04103.png,id_card,SVK,generated.photos_v3_0530423.png
images/04721.png,driver_license,AZ,generated.photos_v3_0708280.png
images/00328.png,passport,GRC,generated.photos_v3_0830280.png
images/02110.png,driver_license,WV,generated.photos_v3_0510966_0036383_0755191.png
images/00185.png,passport,GRC,generated.photos_v3_0041319.png
images/02071.png,driver_license,WV,generated.photos_v3_0747878_0928212_0099195.png
images/04109.png,id_card,SVK,generated.photos_v3_0120876.png
images/03653.png,id_card,SVK,generated.photos_v3_0298535.png
images/01985.png,driver_license,WV,generated.photos_v3_0579019_0322345_0203680.png
images/02156.png,driver_license,WV,generated.photos_v3_0683020.png
images/02093.png,driver_license,WV,generated.photos_v3_0958779.png
images/04828.png,driver_license,AZ,generated.photos_v3_0082952.png
images/04148.png,id_card,SVK,generated.photos_v3_0209900_0177583_0700722.png
images/02172.png,driver_license,WV,generated.photos_v3_0131395.png
images/02868.png,passport,LVA,generated.photos_v3_0408203.png
images/01887.png,driver_license,WV,generated.photos_v3_0735018.png
images/03287.png,passport,LVA,generated.photos_v3_0157872.png
images/00982.png,id_card,RUS,generated.photos_v3_0721990.png
images/03203.png,passport,LVA,generated.photos_v3_0363477.png
images/01245.png,id_card,RUS,generated.photos_v3_0710726.png
images/04187.png,id_card,SVK,generated.photos_v3_0211925.png
images/04121.png,id_card,SVK,generated.photos_v3_0694165.png
images/01959.png,driver_license,WV,generated.photos_v3_0103918.png
images/01093.png,id_card,RUS,generated.photos_v3_0932834.png
images/00372.png,passport,GRC,generated.photos_v3_0295497.png
images/01207.png,id_card,RUS,generated.photos_v3_0329766.png
images/00322.png,passport,GRC,generated.photos_v3_0059142.png
images/00533.png,passport,GRC,generated.photos_v3_0228803.png
images/02716.png,passport,LVA,generated.photos_v3_0064479.png
images/04790.png,driver_license,AZ,generated.photos_v3_0189631.png
images/01449.png,id_card,RUS,generated.photos_v3_0597386_0055079_0374134.png
images/03095.png,passport,LVA,generated.photos_v3_0612463.png
images/01450.png,id_card,RUS,generated.photos_v3_0062371.png
images/01228.png,id_card,RUS,generated.photos_v3_0196976.png
images/00514.png,passport,GRC,generated.photos_v3_0472698.png
images/04070.png,id_card,SVK,generated.photos_v3_0102318.png
images/02921.png,passport,LVA,generated.photos_v3_0155657.png
images/00175.png,passport,GRC,generated.photos_v3_0448006_0697613_0730567.png
images/04973.png,driver_license,AZ,generated.photos_v3_0033986.png
images/04751.png,driver_license,AZ,generated.photos_v3_0710726.png
images/00141.png,passport,GRC,generated.photos_v3_0033283.png
images/03813.png,id_card,SVK,generated.photos_v3_0621903.png
images/02195.png,driver_license,WV,generated.photos_v3_0047718.png
images/02956.png,passport,LVA,generated.photos_v3_0520628.png
images/03851.png,id_card,SVK,generated.photos_v3_0772591.png
images/04571.png,driver_license,AZ,generated.photos_v3_0620639.png
images/02061.png,driver_license,WV,generated.photos_v3_0597911.png
images/00271.png,passport,GRC,generated.photos_v3_0534170.png
images/01008.png,id_card,RUS,generated.photos_v3_0477195.png
images/03216.png,passport,LVA,generated.photos_v3_0990057_0853581_0155642.png
images/01171.png,id_card,RUS,generated.photos_v3_0772449.png
images/03718.png,id_card,SVK,generated.photos_v3_0959504.png
images/01071.png,id_card,RUS,generated.photos_v3_0014463.png
images/01193.png,id_card,RUS,generated.photos_v3_0997130.png
images/01326.png,id_card,RUS,generated.photos_v3_0670581.png
images/04837.png,driver_license,AZ,generated.photos_v3_0662975.png
images/04948.png,driver_license,AZ,generated.photos_v3_0289184.png
images/03677.png,id_card,SVK,generated.photos_v3_0960201.png
images/02034.png,driver_license,WV,generated.photos_v3_0310419.png
images/00368.png,passport,GRC,generated.photos_v3_0155912.png
images/04066.png,id_card,SVK,generated.photos_v3_0978059.png
images/03768.png,id_card,SVK,generated.photos_v3_0140268.png
images/03034.png,passport,LVA,generated.photos_v3_0078455.png
images/03092.png,passport,LVA,generated.photos_v3_0912295_0939642_0302815.png
images/01497.png,id_card,RUS,generated.photos_v3_0349812.png
images/05087.png,driver_license,AZ,generated.photos_v3_0826040.png
images/00597.png,passport,GRC,generated.photos_v3_0249211_0368048_0645535.png
images/04745.png,driver_license,AZ,generated.photos_v3_0573483.png
images/00024.png,passport,GRC,generated.photos_v3_0172625.png
images/04048.png,id_card,SVK,generated.photos_v3_0147629_0326230_0212720.png
images/03693.png,id_card,SVK,generated.photos_v3_0181398.png
images/00482.png,passport,GRC,generated.photos_v3_0956468.png
images/00324.png,passport,GRC,generated.photos_v3_0871277.png
images/04019.png,id_card,SVK,generated.photos_v3_0744112.png
images/00378.png,passport,GRC,generated.photos_v3_0982004_0555149_0533549.png
images/03850.png,id_card,SVK,generated.photos_v3_0341956.png
images/03995.png,id_card,SVK,generated.photos_v3_0249223_0245604_0375060.png
images/01324.png,id_card,RUS,generated.photos_v3_0630895.png
images/01850.png,driver_license,WV,generated.photos_v3_0859160.png
images/03637.png,id_card,SVK,generated.photos_v3_0880411_0732972_0904982.png
images/02078.png,driver_license,WV,generated.photos_v3_0727574.png
images/02982.png,passport,LVA,generated.photos_v3_0137170_0307384_0237550.png
images/01910.png,driver_license,WV,generated.photos_v3_0411563.png
images/01314.png,id_card,RUS,generated.photos_v3_0805747.png
images/00431.png,passport,GRC,generated.photos_v3_0878873.png
images/02234.png,driver_license,WV,generated.photos_v3_0121619.png
images/01064.png,id_card,RUS,generated.photos_v3_0058011.png
images/00355.png,passport,GRC,generated.photos_v3_0914737.png
images/04889.png,driver_license,AZ,generated.photos_v3_0768315.png
images/03264.png,passport,LVA,generated.photos_v3_0585941_0832169_0883558.png
images/02710.png,passport,LVA,generated.photos_v3_0012201.png
images/00571.png,passport,GRC,generated.photos_v3_0339243_0575309_0289315.png
images/02836.png,passport,LVA,generated.photos_v3_0729294.png
images/00291.png,passport,GRC,generated.photos_v3_0360582.png
images/04966.png,driver_license,AZ,generated.photos_v3_0666218.png
images/02228.png,driver_license,WV,generated.photos_v3_0780758.png
images/04537.png,driver_license,AZ,generated.photos_v3_0939814.png
images/03937.png,id_card,SVK,generated.photos_v3_0317591.png
images/01036.png,id_card,RUS,generated.photos_v3_0041455.png
images/05017.png,driver_license,AZ,generated.photos_v3_0275758.png
images/03992.png,id_card,SVK,generated.photos_v3_0990057_0853581_0333140.png
images/04523.png,driver_license,AZ,generated.photos_v3_0367164.png
images/03009.png,passport,LVA,generated.photos_v3_0753545.png
images/00244.png,passport,GRC,generated.photos_v3_0410276_0768568_0942340.png
images/02777.png,passport,LVA,generated.photos_v3_0648966.png
images/04067.png,id_card,SVK,generated.photos_v3_0297653_0891410_0466496.png
images/02838.png,passport,LVA,generated.photos_v3_0120775_0397782_0298899.png
images/03279.png,passport,LVA,generated.photos_v3_0978317.png
images/04522.png,driver_license,AZ,generated.photos_v3_0281700.png
images/01372.png,id_card,RUS,generated.photos_v3_0784286.png
images/01110.png,id_card,RUS,generated.photos_v3_0747315.png
images/00079.png,passport,GRC,generated.photos_v3_0712464.png
images/00391.png,passport,GRC,generated.photos_v3_0136954.png
images/02324.png,driver_license,WV,generated.photos_v3_0515522.png
images/02128.png,driver_license,WV,generated.photos_v3_0951679.png
images/04739.png,driver_license,AZ,generated.photos_v3_0247906.png
images/00278.png,passport,GRC,generated.photos_v3_0923799.png
images/04938.png,driver_license,AZ,generated.photos_v3_0072572_0465277_0983383.png
images/04646.png,driver_license,AZ,generated.photos_v3_0223435_0887365_0323227.png
images/02727.png,passport,LVA,generated.photos_v3_0869287.png
images/02731.png,passport,LVA,generated.photos_v3_0108166_0995943_0184360.png
images/02753.png,passport,LVA,generated.photos_v3_0964319_0785990_0211013.png
images/03292.png,passport,LVA,generated.photos_v3_0460922.png
images/01929.png,driver_license,WV,generated.photos_v3_0988419.png
images/03623.png,id_card,SVK,generated.photos_v3_0041673.png
images/02163.png,driver_license,WV,generated.photos_v3_0624540.png
images/00534.png,passport,GRC,generated.photos_v3_0414151.png
images/02397.png,driver_license,WV,generated.photos_v3_0651433_0872039_0586270.png
images/01024.png,id_card,RUS,generated.photos_v3_0330740.png
images/03904.png,id_card,SVK,generated.photos_v3_0887380.png
images/03610.png,id_card,SVK,generated.photos_v3_0124127.png
images/02829.png,passport,LVA,generated.photos_v3_0913925.png
images/00219.png,passport,GRC,generated.photos_v3_0156033.png
images/03894.png,id_card,SVK,generated.photos_v3_0772449.png
images/02951.png,passport,LVA,generated.photos_v3_0350299.png
images/01111.png,id_card,RUS,generated.photos_v3_0435668.png
images/01993.png,driver_license,WV,generated.photos_v3_0653309.png
images/01224.png,id_card,RUS,generated.photos_v3_0264963_0805745_0585307.png
images/04628.png,driver_license,AZ,generated.photos_v3_0046598.png
images/01263.png,id_card,RUS,generated.photos_v3_0195006.png
images/03975.png,id_card,SVK,generated.photos_v3_0456390.png
images/02950.png,passport,LVA,generated.photos_v3_0058994.png
images/00945.png,id_card,RUS,generated.photos_v3_0321881.png
images/02723.png,passport,LVA,generated.photos_v3_0096415.png
images/01334.png,id_card,RUS,generated.photos_v3_0759522.png
images/02350.png,driver_license,WV,generated.photos_v3_0947503.png
images/02239.png,driver_license,WV,generated.photos_v3_0014463.png
images/04008.png,id_card,SVK,generated.photos_v3_0104191.png
images/04843.png,driver_license,AZ,generated.photos_v3_0277943_0574333_0302695.png
images/01902.png,driver_license,WV,generated.photos_v3_0251694.png
images/02722.png,passport,LVA,generated.photos_v3_0902467.png
images/02159.png,driver_license,WV,generated.photos_v3_0328767.png
images/03166.png,passport,LVA,generated.photos_v3_0223090.png
images/01845.png,driver_license,WV,generated.photos_v3_0996601.png
images/01069.png,id_card,RUS,generated.photos_v3_0278461.png
images/04666.png,driver_license,AZ,generated.photos_v3_0929652.png
images/00439.png,passport,GRC,generated.photos_v3_0206318.png
images/00426.png,passport,GRC,generated.photos_v3_0115319.png
images/01941.png,driver_license,WV,generated.photos_v3_0084216.png
images/05067.png,driver_license,AZ,generated.photos_v3_0858425.png
images/02122.png,driver_license,WV,generated.photos_v3_0891190.png
images/05079.png,driver_license,AZ,generated.photos_v3_0930887.png
images/04117.png,id_card,SVK,generated.photos_v3_0614887.png
images/02133.png,driver_license,WV,generated.photos_v3_0785297.png
images/00359.png,passport,GRC,generated.photos_v3_0059996_0728435_0277638.png
images/04516.png,driver_license,AZ,generated.photos_v3_0558696.png
images/01229.png,id_card,RUS,generated.photos_v3_0147629_0326230_0832163.png
images/01857.png,driver_license,WV,generated.photos_v3_0009862.png
images/00944.png,id_card,RUS,generated.photos_v3_0648166.png
images/01255.png,id_card,RUS,generated.photos_v3_0952189.png
images/01435.png,id_card,RUS,generated.photos_v3_0645248.png
images/04173.png,id_card,SVK,generated.photos_v3_0747878_0928212_0099195.png
images/03148.png,passport,LVA,generated.photos_v3_0198801_0420100_0630176.png
images/03004.png,passport,LVA,generated.photos_v3_0424290.png
images/02966.png,passport,LVA,generated.photos_v3_0684533.png
images/04527.png,driver_license,AZ,generated.photos_v3_0853061.png
images/04892.png,driver_license,AZ,generated.photos_v3_0012412.png
images/00045.png,passport,GRC,generated.photos_v3_0260860_0054362_0218172.png
images/00193.png,passport,GRC,generated.photos_v3_0934107.png
images/03104.png,passport,LVA,generated.photos_v3_0806714.png
images/00382.png,passport,GRC,generated.photos_v3_0982004_0555149_0859680.png
images/00955.png,id_card,RUS,generated.photos_v3_0684496.png
images/01209.png,id_card,RUS,generated.photos_v3_0655606.png
images/00315.png,passport,GRC,generated.photos_v3_0746836.png
images/00550.png,passport,GRC,generated.photos_v3_0035017.png
images/00479.png,passport,GRC,generated.photos_v3_0147629_0326230_0734875.png
images/04756.png,driver_license,AZ,generated.photos_v3_0025331.png
images/03125.png,passport,LVA,generated.photos_v3_0956799.png
images/04578.png,driver_license,AZ,generated.photos_v3_0060688.png
images/00924.png,id_card,RUS,generated.photos_v3_0724132.png
images/03075.png,passport,LVA,generated.photos_v3_0178530.png
images/00412.png,passport,GRC,generated.photos_v3_0794902_0122779_0741990.png
images/02155.png,driver_license,WV,generated.photos_v3_0075573_0131493_0856748.png
images/02335.png,driver_license,WV,generated.photos_v3_0747715.png
images/03910.png,id_card,SVK,generated.photos_v3_0423948.png
images/01085.png,id_card,RUS,generated.photos_v3_0142739_0636182_0479378.png
images/01145.png,id_card,RUS,generated.photos_v3_0512116.png
images/02224.png,driver_license,WV,generated.photos_v3_0448006_0697613_0717654.png
images/04640.png,driver_license,AZ,generated.photos_v3_0761563.png
images/03123.png,passport,LVA,generated.photos_v3_0811394.png
images/01243.png,id_card,RUS,generated.photos_v3_0738314.png
images/00136.png,passport,GRC,generated.photos_v3_0199640.png
images/03928.png,id_card,SVK,generated.photos_v3_0162723.png
images/04875.png,driver_license,AZ,generated.photos_v3_0768811.png
images/01281.png,id_card,RUS,generated.photos_v3_0127368.png
images/01215.png,id_card,RUS,generated.photos_v3_0347247_0403052_0238288.png
images/02314.png,driver_license,WV,generated.photos_v3_0537154.png
images/02846.png,passport,LVA,generated.photos_v3_0741826.png
images/00434.png,passport,GRC,generated.photos_v3_0374992.png
images/02399.png,driver_license,WV,generated.photos_v3_0512080_0463090_0480628.png
images/01272.png,id_card,RUS,generated.photos_v3_0655321_0727246_0673341.png
images/01433.png,id_card,RUS,generated.photos_v3_0071535.png
images/02840.png,passport,LVA,generated.photos_v3_0430847.png
images/01010.png,id_card,RUS,generated.photos_v3_0184789.png
images/02109.png,driver_license,WV,generated.photos_v3_0052889.png
images/02226.png,driver_license,WV,generated.photos_v3_0618179.png
images/04618.png,driver_license,AZ,generated.photos_v3_0757641.png
images/01233.png,id_card,RUS,generated.photos_v3_0678194.png
images/02191.png,driver_license,WV,generated.photos_v3_0601737.png
images/00491.png,passport,GRC,generated.photos_v3_0872195.png
images/04073.png,id_card,SVK,generated.photos_v3_0434383.png
images/01956.png,driver_license,WV,generated.photos_v3_0314252.png
images/04179.png,id_card,SVK,generated.photos_v3_0195401.png
images/03209.png,passport,LVA,generated.photos_v3_0840447.png
images/04167.png,id_card,SVK,generated.photos_v3_0540965.png
images/01175.png,id_card,RUS,generated.photos_v3_0266241.png
images/00156.png,passport,GRC,generated.photos_v3_0169026.png
images/00171.png,passport,GRC,generated.photos_v3_0895467.png
images/05064.png,driver_license,AZ,generated.photos_v3_0557796.png
images/04004.png,id_card,SVK,generated.photos_v3_0573434.png
images/00598.png,passport,GRC,generated.photos_v3_0757909.png
images/04834.png,driver_license,AZ,generated.photos_v3_0003317.png
images/04544.png,driver_license,AZ,generated.photos_v3_0194333.png
images/00087.png,passport,GRC,generated.photos_v3_0924463.png
images/03102.png,passport,LVA,generated.photos_v3_0249223_0245604_0140559.png
images/02349.png,driver_license,WV,generated.photos_v3_0431790.png
images/03616.png,id_card,SVK,generated.photos_v3_0074191.png
images/01282.png,id_card,RUS,generated.photos_v3_0982004_0555149_0706541.png
images/03729.png,id_card,SVK,generated.photos_v3_0911083.png
images/02107.png,driver_license,WV,generated.photos_v3_0730242.png
images/04098.png,id_card,SVK,generated.photos_v3_0626834.png
